folder_name,audio_name,audio_url,github_audio_url,cdnjs_url,status
abather-alhalwaji/nasheed/,Every Mother,https://www.shiasource.com/wp-content/uploads/2018/08/alhalwaji_awtar_every_mother.mp3,,,error: 404 Client Error: Not Found for url: https://www.shiasource.com/wp-content/uploads/2018/08/alhalwaji_awtar_every_mother.mp3
abather-alhalwaji/nasheed/,Glory Be to Allah,https://www.shiasource.com/wp-content/uploads/2018/08/alhalwaji_awtar_glory_be_to_allah.mp3,,,error: 404 Client Error: Not Found for url: https://www.shiasource.com/wp-content/uploads/2018/08/alhalwaji_awtar_glory_be_to_allah.mp3
abather-alhalwaji/nasheed/,Mercy of the Lord,https://www.shiasource.com/wp-content/uploads/2018/08/alhalwaji_awtar_mercy_of_the_lord.mp3,,,error: 404 Client Error: Not Found for url: https://www.shiasource.com/wp-content/uploads/2018/08/alhalwaji_awtar_mercy_of_the_lord.mp3
abather-alhalwaji/nasheed/,Month of Allah,https://www.shiasource.com/wp-content/uploads/2018/08/alhalwaji_awtar_month_of_allah.mp3,,,error: 404 Client Error: Not Found for url: https://www.shiasource.com/wp-content/uploads/2018/08/alhalwaji_awtar_month_of_allah.mp3
abather-alhalwaji/nasheed/,Oh My Lord!,https://www.shiasource.com/wp-content/uploads/2018/08/alhalwaji_awtar_oh_my_lord.mp3,,,error: 404 Client Error: Not Found for url: https://www.shiasource.com/wp-content/uploads/2018/08/alhalwaji_awtar_oh_my_lord.mp3
abather-alhalwaji/nasheed/,Sound of Adhaan,https://www.shiasource.com/wp-content/uploads/2018/08/alhalwaji_awtar_sound_of_adhaan.mp3,,,error: 404 Client Error: Not Found for url: https://www.shiasource.com/wp-content/uploads/2018/08/alhalwaji_awtar_sound_of_adhaan.mp3
abather-alhalwaji/nasheed/,Where Am I?,https://www.shiasource.com/wp-content/uploads/2018/08/alhalwaji_awtar_where_am_i.mp3,,,error: 404 Client Error: Not Found for url: https://www.shiasource.com/wp-content/uploads/2018/08/alhalwaji_awtar_where_am_i.mp3
abather-alhalwaji/nasheed/,This Is Hijab,https://www.shiasource.com/wp-content/uploads/2018/08/alhalwaji_awtar_this_is_hijab.mp3,,,error: 404 Client Error: Not Found for url: https://www.shiasource.com/wp-content/uploads/2018/08/alhalwaji_awtar_this_is_hijab.mp3
abather-alhalwaji/nasheed/,They Said,https://www.shiasource.com/wp-content/uploads/2018/08/alhalwaji_awtar_they_said.mp3,,,error: 404 Client Error: Not Found for url: https://www.shiasource.com/wp-content/uploads/2018/08/alhalwaji_awtar_they_said.mp3
abather-alhalwaji/,ziyarat-ashura,https://www.shiasource.com/wp-content/uploads/2018/08/alhalawaji_ziyarat_ashura.mp3,,,error: 404 Client Error: Not Found for url: https://www.shiasource.com/wp-content/uploads/2018/08/alhalawaji_ziyarat_ashura.mp3
musa-al-asadi/,ziyarat-ashura,https://www.shiasource.com/wp-content/uploads/2018/08/alasadi_ziyarat_ashura.mp3,,,error: 404 Client Error: Not Found for url: https://www.shiasource.com/wp-content/uploads/2018/08/alasadi_ziyarat_ashura.mp3
abdulrasul-al-hussaini/,ziyarat-ashura,https://www.shiasource.com/wp-content/uploads/2018/08/alhussaini_ziyarat_ashura.mp3,,,error: 404 Client Error: Not Found for url: https://www.shiasource.com/wp-content/uploads/2018/08/alhussaini_ziyarat_ashura.mp3
walid-al-mazeedi/,ziyarat-ashura,https://www.shiasource.com/wp-content/uploads/2018/08/mazeedi_ziyarat_ashura.mp3,,,error: 404 Client Error: Not Found for url: https://www.shiasource.com/wp-content/uploads/2018/08/mazeedi_ziyarat_ashura.mp3
ali-fani/,ziyarat-ashura,https://imamandscience.com/wp-content/uploads/2025/03/Ziyarat-Ashura-Ali-Fani-%D8%B9%D9%84%D9%8A-%D9%81%D8%A7%D9%86%D9%8A-%D8%B2%D9%8A%D8%A7%D8%B1%D8%A9-%D8%B9%D8%A7%D8%B4%D9%88%D8%B1%D8%A7%D8%A1-%D8%B2%DB%8C%D8%A7%D8%B1%D8%AA-%D8%B9%D8%A7%D8%B4%D9%88%D8%B1%D8%A7-%D8%B9%D9%84%DB%8C-%D9%81%D8%A7%D9%86%DB%8C.mp3,https://raw.githubusercontent.com/alihusains/ghadir-media/main/ali-fani/ziyarat-ashura.mp3,https://cdn.jsdelivr.net/gh/alihusains/ghadir-media@main/ali-fani/ziyarat-ashura.mp3,already_exists
ali-fani/,ziyarat-waritha,https://imamandscience.com/wp-content/uploads/2025/03/Dua-Ahd-EN-SUB-Ali-Fani.mp3,https://raw.githubusercontent.com/alihusains/ghadir-media/main/ali-fani/ziyarat-waritha.mp3,https://cdn.jsdelivr.net/gh/alihusains/ghadir-media@main/ali-fani/ziyarat-waritha.mp3,already_exists
abather-alhalwaji/,dua-salman-alfarsi,https://www.shiasource.com/wp-content/uploads/2018/10/alhalawaji_duaa_salman_alfarsi.mp3,,,error: 404 Client Error: Not Found for url: https://www.shiasource.com/wp-content/uploads/2018/10/alhalawaji_duaa_salman_alfarsi.mp3
abdulhai-qambar/,munajat-shabaaniya,https://www.shiasource.com/wp-content/uploads/2019/04/qambar_munajat_shabaaniya.mp3,,,error: 404 Client Error: Not Found for url: https://www.shiasource.com/wp-content/uploads/2019/04/qambar_munajat_shabaaniya.mp3
abdulhai-qambar/,dua-arafah,https://www.shiasource.com/wp-content/uploads/2018/08/aalqambar_duaa_arafah.mp3,,,error: 404 Client Error: Not Found for url: https://www.shiasource.com/wp-content/uploads/2018/08/aalqambar_duaa_arafah.mp3
hussain-al-akraf/,dua-arafah,https://www.shiasource.com/wp-content/uploads/2018/08/alakraf_duaa_arafah.mp3,,,error: 404 Client Error: Not Found for url: https://www.shiasource.com/wp-content/uploads/2018/08/alakraf_duaa_arafah.mp3
musa-al-asadi/,dua-arafah,https://www.shiasource.com/wp-content/uploads/2018/08/alasadi_duaa_arafah.mp3,,,error: 404 Client Error: Not Found for url: https://www.shiasource.com/wp-content/uploads/2018/08/alasadi_duaa_arafah.mp3
hussain-ghrayib/,dua-arafah,https://www.shiasource.com/wp-content/uploads/2018/08/ghrayib_duaa_arafah.mp3,,,error: 404 Client Error: Not Found for url: https://www.shiasource.com/wp-content/uploads/2018/08/ghrayib_duaa_arafah.mp3
ali-hamade/,dua-arafah,https://www.shiasource.com/wp-content/uploads/2018/08/hamadi_duaa_arafah.mp3,,,error: 404 Client Error: Not Found for url: https://www.shiasource.com/wp-content/uploads/2018/08/hamadi_duaa_arafah.mp3
mahdi-sidqi/,dua-arafah,https://www.shiasource.com/wp-content/uploads/2018/08/sidqi_duaa_arafah.mp3,,,error: 404 Client Error: Not Found for url: https://www.shiasource.com/wp-content/uploads/2018/08/sidqi_duaa_arafah.mp3
hussain-ghrayib/daily-dua/,sunday,https://www.shiasource.com/wp-content/uploads/2018/08/ghrayib_daily_duaa_sunday.mp3,,,error: 404 Client Error: Not Found for url: https://www.shiasource.com/wp-content/uploads/2018/08/ghrayib_daily_duaa_sunday.mp3
hussain-ghrayib/daily-dua/,monday,https://www.shiasource.com/wp-content/uploads/2018/08/ghrayib_daily_duaa_monday.mp3,,,error: 404 Client Error: Not Found for url: https://www.shiasource.com/wp-content/uploads/2018/08/ghrayib_daily_duaa_monday.mp3
hussain-ghrayib/daily-dua/,tuesday,https://www.shiasource.com/wp-content/uploads/2018/08/ghrayib_daily_duaa_tuesday.mp3,,,error: 404 Client Error: Not Found for url: https://www.shiasource.com/wp-content/uploads/2018/08/ghrayib_daily_duaa_tuesday.mp3
hussain-ghrayib/daily-dua/,wednesday,https://www.shiasource.com/wp-content/uploads/2018/08/ghrayib_daily_duaa_wednesday.mp3,,,error: 404 Client Error: Not Found for url: https://www.shiasource.com/wp-content/uploads/2018/08/ghrayib_daily_duaa_wednesday.mp3
hussain-ghrayib/daily-dua/,thursday,https://www.shiasource.com/wp-content/uploads/2018/08/ghrayib_daily_duaa_thursday.mp3,,,error: 404 Client Error: Not Found for url: https://www.shiasource.com/wp-content/uploads/2018/08/ghrayib_daily_duaa_thursday.mp3
hussain-ghrayib/daily-dua/,friday,https://www.shiasource.com/wp-content/uploads/2018/08/ghrayib_daily_duaa_friday.mp3,,,error: 404 Client Error: Not Found for url: https://www.shiasource.com/wp-content/uploads/2018/08/ghrayib_daily_duaa_friday.mp3
hussain-ghrayib/daily-dua/,saturday,https://www.shiasource.com/wp-content/uploads/2018/08/ghrayib_daily_duaa_saturday.mp3,,,error: 404 Client Error: Not Found for url: https://www.shiasource.com/wp-content/uploads/2018/08/ghrayib_daily_duaa_saturday.mp3
maytham-al-tammar/,dua-abu-hamza-ath-thumali,https://www.shiasource.com/wp-content/uploads/2018/08/altammar_duaa_abuhamza.mp3,,,error: 404 Client Error: Not Found for url: https://www.shiasource.com/wp-content/uploads/2018/08/altammar_duaa_abuhamza.mp3
abdulrasul-al-hussaini/,dua-abu-hamza-ath-thumali,https://www.shiasource.com/wp-content/uploads/2018/08/alhussaini_duaa_abuhamza.mp3,,,error: 404 Client Error: Not Found for url: https://www.shiasource.com/wp-content/uploads/2018/08/alhussaini_duaa_abuhamza.mp3
bassim-al-karbalaei/,dua-al-sabaah,https://www.shiasource.com/wp-content/uploads/2018/08/dua_sabah_karbalaei.mp3,,,error: 404 Client Error: Not Found for url: https://www.shiasource.com/wp-content/uploads/2018/08/dua_sabah_karbalaei.mp3
hussain-ghrayib/,dua-al-sabaah,https://www.shiasource.com/wp-content/uploads/2018/08/dua_sabah_ghrayib.mp3,,,error: 404 Client Error: Not Found for url: https://www.shiasource.com/wp-content/uploads/2018/08/dua_sabah_ghrayib.mp3
walid-al-mazeedi/,dua-al-sabaah,https://www.shiasource.com/wp-content/uploads/2018/08/dua_sabah_almazeedi.mp3,,,error: 404 Client Error: Not Found for url: https://www.shiasource.com/wp-content/uploads/2018/08/dua_sabah_almazeedi.mp3
abather-alhalwaji/,dua-al-sabaah,https://www.shiasource.com/wp-content/uploads/2018/08/dua_sabah_alhalawaji.mp3,,,error: 404 Client Error: Not Found for url: https://www.shiasource.com/wp-content/uploads/2018/08/dua_sabah_alhalawaji.mp3
bassim-al-karbalaei/,dua-tawassul,https://www.shiasource.com/wp-content/uploads/2018/07/duaa_tawassul_karbalaei.mp3,,,error: 404 Client Error: Not Found for url: https://www.shiasource.com/wp-content/uploads/2018/07/duaa_tawassul_karbalaei.mp3
hussain-ghrayib/,dua-tawassul,https://www.shiasource.com/wp-content/uploads/2018/07/duaa_tawassul_ghrayib.mp3,,,error: 404 Client Error: Not Found for url: https://www.shiasource.com/wp-content/uploads/2018/07/duaa_tawassul_ghrayib.mp3
abather-alhalwaji/,dua-tawassul,https://www.shiasource.com/wp-content/uploads/2018/07/duaa_tawassul_alhalawaji.mp3,,,error: 404 Client Error: Not Found for url: https://www.shiasource.com/wp-content/uploads/2018/07/duaa_tawassul_alhalawaji.mp3
walid-al-mazeedi/,dua-kumayl,https://www.shiasource.com/wp-content/uploads/2018/07/duaa_kumayl_almazeedi.mp3,,,error: 404 Client Error: Not Found for url: https://www.shiasource.com/wp-content/uploads/2018/07/duaa_kumayl_almazeedi.mp3
abather-alhalwaji/,dua-kumayl,https://www.shiasource.com/wp-content/uploads/2018/07/duaa_kumayl_alhalawaji.mp3,,,error: 404 Client Error: Not Found for url: https://www.shiasource.com/wp-content/uploads/2018/07/duaa_kumayl_alhalawaji.mp3
maytham-al-tammar/,dua-kumayl,https://www.shiasource.com/wp-content/uploads/2018/07/duaa_kumayl_altammar.mp3,,,error: 404 Client Error: Not Found for url: https://www.shiasource.com/wp-content/uploads/2018/07/duaa_kumayl_altammar.mp3
hussain-ghrayib/,dua-kumayl,https://www.shiasource.com/wp-content/uploads/2018/07/duaa_kumayl_ghrayib.mp3,,,error: 404 Client Error: Not Found for url: https://www.shiasource.com/wp-content/uploads/2018/07/duaa_kumayl_ghrayib.mp3
ahmad-al-musawi/,dua-kumayl,https://www.shiasource.com/wp-content/uploads/2018/08/almusawi_duaa_kumayl.mp3,,,error: 404 Client Error: Not Found for url: https://www.shiasource.com/wp-content/uploads/2018/08/almusawi_duaa_kumayl.mp3
hasnain-rajabali/,dua-kumayl,https://www.shiasource.com/wp-content/uploads/2018/07/duaa_kumayl_rajabali.mp3,,,error: 404 Client Error: Not Found for url: https://www.shiasource.com/wp-content/uploads/2018/07/duaa_kumayl_rajabali.mp3
abdul-rasul-al-hussaini/,dua-kumayl,https://www.shiasource.com/wp-content/uploads/2018/07/duaa_kumayl_alhussaini.mp3,,,error: 404 Client Error: Not Found for url: https://www.shiasource.com/wp-content/uploads/2018/07/duaa_kumayl_alhussaini.mp3
jaleel-al-karbalaei/,dua-kumayl,https://www.shiasource.com/wp-content/uploads/2018/07/duaa_kumayl_karbalaeij.mp3,,,error: 404 Client Error: Not Found for url: https://www.shiasource.com/wp-content/uploads/2018/07/duaa_kumayl_karbalaeij.mp3
abather-alhalwaji/daily-ramadhan-duas/,ramadhan-daily-dua-01,https://www.shiasource.com/wp-content/uploads/2018/07/alhalawaji_ramadan_duaa_01.mp3,,,error: 404 Client Error: Not Found for url: https://www.shiasource.com/wp-content/uploads/2018/07/alhalawaji_ramadan_duaa_01.mp3
abather-alhalwaji/daily-ramadhan-duas/,ramadhan-daily-dua-02,https://www.shiasource.com/wp-content/uploads/2018/07/alhalawaji_ramadan_duaa_02.mp3,,,error: 404 Client Error: Not Found for url: https://www.shiasource.com/wp-content/uploads/2018/07/alhalawaji_ramadan_duaa_02.mp3
abather-alhalwaji/daily-ramadhan-duas/,ramadhan-daily-dua-03,https://www.shiasource.com/wp-content/uploads/2018/07/alhalawaji_ramadan_duaa_03.mp3,,,error: 404 Client Error: Not Found for url: https://www.shiasource.com/wp-content/uploads/2018/07/alhalawaji_ramadan_duaa_03.mp3
hussain-al-akraf/,dua-al-iftitaah,https://www.shiasource.com/wp-content/uploads/2018/06/dua_iftitah_alakraf.mp3,,,error: 404 Client Error: Not Found for url: https://www.shiasource.com/wp-content/uploads/2018/06/dua_iftitah_alakraf.mp3
hussain-ghrayib/,dua-al-iftitaah,https://www.shiasource.com/wp-content/uploads/2018/06/dua_iftitah_ghrayib.mp3,,,error: 404 Client Error: Not Found for url: https://www.shiasource.com/wp-content/uploads/2018/06/dua_iftitah_ghrayib.mp3
hasnain-rajabali/,dua-al-iftitaah,https://www.shiasource.com/wp-content/uploads/2018/06/dua_iftitah_rajabali.mp3,,,error: 404 Client Error: Not Found for url: https://www.shiasource.com/wp-content/uploads/2018/06/dua_iftitah_rajabali.mp3
abather-alhalwaji/,dua-al-iftitaah,https://www.shiasource.com/wp-content/uploads/2018/06/dua_iftitah_alhalawaji.mp3,,,error: 404 Client Error: Not Found for url: https://www.shiasource.com/wp-content/uploads/2018/06/dua_iftitah_alhalawaji.mp3
popular-duas,dua-e-ahad,https://app.box.com/s/wl6zg8qhk1f26fdryvqlluyaf51mzt92,,,error: missing file extension
popular-duas,dua-e-alqamah,https://app.box.com/s/hweeuloir3xyzuxdmacwuztn6yplfgtu,,,error: missing file extension
ramadan-duas,dua-e-bahaa,https://app.box.com/s/qj8alhi2cswjm3feg68e9os5mbrr7luc,,,error: missing file extension
popular-duas,dua-e-faraj,https://app.box.com/s/j0cedk1t5te9dqvnhhdcxpzzzuocgxb1,,,error: missing file extension
popular-duas,dua-e-hazeen,https://app.box.com/s/5iw273blcfuff5w6qaxijk864drchlgo,,,error: missing file extension
ramadan-duas,dua-e-iftitah,https://app.box.com/s/w41j7758ojugxaobvze4pmz0i6ildu43,,,error: missing file extension
popular-duas,dua-e-ihtijab,https://app.box.com/s/53eyatdq8yux4a25h1hsovivovoc3wn9,,,error: missing file extension
ramadan-duas,dua-e-jawshan kabeer,https://app.box.com/s/r5je8wklitabh4kk4gdvdsc0ugkg78lc,,,error: missing file extension
ramadan-duas,dua-e-jawshan sagheer,https://app.box.com/s/71my542da2vcwsccjb1hbw2uilmdva6p,,,error: missing file extension
popular-duas,dua-e-kumail,https://app.box.com/s/w16xvpbpgwrrbsxk29zu717knymaup9p,,,error: missing file extension
ramadan-duas,dua-e-lailat-ul qadr,https://app.box.com/s/eyhnx0xgi5kttyhvdavip20xvmkui01l,,,error: missing file extension
popular-duas,dua-e-maa’rijh,https://app.box.com/s/npo5c1rau1fetguxr8go7opltrzd02pv,,,error: missing file extension
popular-duas,dua-e-makarimul ikhlaq,https://app.box.com/s/x69lcz1wkh9eloixhqx28q5slaj39j11,,,error: missing file extension
popular-duas,dua-e-mashlool,https://app.box.com/s/45xgh0oeyybncjhwwho7rdroc6w95jlh,,,error: missing file extension
ramadan-duas,dua-e-mujeer,https://app.box.com/s/qkwahrtkl9jxyfsfv1gqd4wfbx4yasbl,,,error: missing file extension
popular-duas,dua-e-nudbah,https://app.box.com/s/wfzbpg3jde651zd8o3kjzoxt5ufruc30,,,error: missing file extension
ramadan-duas,dua-e-ramzan,https://app.box.com/s/6ex31irszoha4ji4z2uutddun9mzp7ba,,,error: missing file extension
popular-duas,dua-e-romi,https://app.box.com/s/49k89kwl75xxcbb16nyw9a6w20ftbucl,,,error: missing file extension
popular-duas,dua-e-sabah,https://app.box.com/s/67xqzkg3xe4q3u2ggnubzwzcdxpk5uxa,,,error: missing file extension
popular-duas,dua-e-samaat,https://app.box.com/s/ih7t3zjblntqnfwxcgusdk6st5005voz,,,error: missing file extension
ramadan-duas,dua-e-sehar,https://app.box.com/s/wcz3b1o7is9ft3ncrk7f3kbai54xgrqi,,,error: missing file extension
popular-duas,dua-e-tawassul,https://app.box.com/s/0y4n7wno0gyma63rcctgupeacqciduv5,,,error: missing file extension
day-wise-dua,daily-dua-sunday,https://app.box.com/s/wlgu7mznnx227w1hajqz2urqvv053cdf,,,error: missing file extension
day-wise-dua,daily-dua-monday,https://app.box.com/s/m28x30vzz48ny9mvtv5inuoo6facv9i1,,,error: missing file extension
day-wise-dua,daily-dua-tuesday,https://app.box.com/s/mqj6a6vug6f26nqnt1kbax22nt2x4jkw,,,error: missing file extension
day-wise-dua,daily-dua-wednesday,https://app.box.com/s/i7hlyax9butnbvk8563dhgpg3mpbqz2b,,,error: missing file extension
day-wise-dua,daily-dua-thursday,https://app.box.com/s/9vzu9a7itjgi3juga5xvuzdwfx5fx27v,,,error: missing file extension
day-wise-dua,daily-dua-friday,https://app.box.com/s/5cqdybgllmcjzfrt1p5tr46o0ghbrmh2,,,error: missing file extension
day-wise-dua,daily-dua-saturday,https://app.box.com/s/7ac7amfwtojjfdqvznhi5kf1mx2fhotx,,,error: missing file extension
